timestamp,simbolo,precio_entrada,RSI,ATR,ADX,volumen,Hurst,Pendiente_Reg,R2_Tendencia,CRT_Valida,prob_subida_predicha,precio_futuro,exito_real
2026-09-16T05:04:23.829133+00:00,USDC/USDT,1.0006,66.66666666666666,0.0001785714285714089,27.138218923933206,983383.62,0.16154747533154515,2.1278195488712876e-05,0.5107488823840772,0.0,7.608782,,
2026-09-17T04:17:39.180975+00:00,XMR/USDT,501.29,38.13148788927339,10.720000000000008,62.101736993146844,301.648,-0.03539816208970897,-1.0758571428571588,0.637830777776104,0.0,61.437,,
2026-09-19T04:17:17.790743+00:00,PIEVERSE/USDT,1.711,77.44021348660578,0.12462142857142852,31.382988498515605,65269.67,0.2647251533492098,0.028995939849624057,0.629213605138755,1.0,20.853432,,
2026-09-19T05:04:22.395701+00:00,AAVE/USDT,143.084,96.49372186685623,4.00478571428571,49.40705790907989,6128.8689,0.43218401359579706,1.3220285714285684,0.8611991345377383,0.0,36.042255,,
2026-09-19T05:04:27.247994+00:00,ENA/USDT,0.1753,73.58156028368795,0.00807857142857143,74.62962141087326,3299342.39,0.48773225156879213,0.0019551879699248095,0.9135111956643375,1.0,38.464146,,
2026-09-19T05:04:28.741021+00:00,LTC/USDT,58.2,89.00836320191164,1.019285714285714,56.07907518531236,5305.434,0.563132393672627,0.4113157894736834,0.9086583814206809,1.0,39.252457,,
2026-09-19T05:04:33.987004+00:00,ASTER/USDT,0.7719,88.1318681318682,0.016078571428571425,69.4521318268696,499961.02,0.5355497511710768,0.005598571428571416,0.9022902438336082,0.0,34.24769,,
2026-09-19T05:04:35.980472+00:00,AKE/USDT,0.0486807,84.44450926202752,0.004976228571428572,36.892533664479004,11057314.0,0.10756456231810381,0.0005823275939849622,0.20065253794609325,1.0,89.748116,,
2026-09-19T08:17:40.481601+00:00,AAVE/USDT,144.383,93.96641979138403,4.020714285714283,53.35446304300847,1484.2539,0.4694609972854446,1.452213533834586,0.92103190293053,1.0,33.18884,,
2026-09-19T08:17:46.303483+00:00,ENA/USDT,0.1845,80.97014925373134,0.008064285714285717,76.9572512020067,911197.31,0.49924865020500425,0.0020658646616541335,0.9214076636814723,1.0,24.521658,,
2026-09-19T08:17:54.669665+00:00,AKE/USDT,0.0596271,86.89832486132532,0.00591385,42.314528426046095,1282898.0,0.15240648629024484,0.0010845674436090222,0.3451061969098767,0.0,74.44226,,
2026-09-19T12:20:22.249450+00:00,ENA/USDT,0.1957,83.96226415094338,0.00905714285714286,80.00640486781252,1477038.36,0.5123152298451293,0.002286992481203003,0.9091584584954568,0.0,32.659443,,
2026-09-19T16:16:26.599353+00:00,DOGE/USDT,0.08931,82.72870662460569,0.001755714285714287,65.02993913931957,2275949.8536,0.4356355248598863,0.000536082706766917,0.9137591585555863,0.0,18.8154,,
2026-09-19T16:16:27.770001+00:00,ENA/USDT,0.2012,87.13017751479288,0.009457142857142858,82.00937124207421,797686.01,0.5208808056296718,0.002541127819548868,0.8891327482492286,0.0,34.362717,,
2026-09-19T20:16:11.349605+00:00,DOGE/USDT,0.08882,78.54183927091964,0.001793571428571429,68.09167432294186,1921023.0593,0.45714416216500997,0.0005533533834586444,0.9276847385249911,0.0,20.39525,,
2026-09-20T00:24:17.064866+00:00,ENA/USDT,0.2056,85.91160220994475,0.010071428571428575,85.80112664321413,1022471.69,0.5704395596599041,0.0030475939849623998,0.8930856065318874,0.0,39.195015,,
2026-09-20T16:28:17.104166+00:00,ENA/USDT,0.2164,79.61494903737261,0.012728571428571433,92.2118462402569,1918184.58,0.6438954434926555,0.003231503759398495,0.9145740262972455,1.0,22.29026,,
2026-09-20T18:39:08.341106+00:00,ENA/USDT,0.2238,81.19122257053293,0.013692857142857147,92.2118462402569,13022065.48,0.6438954434926552,0.003231503759398495,0.9145740262972455,1.0,43.78324,,
2026-09-21T09:58:39.908306+00:00,LONGXIA/USDT,0.28756,80.92686002522068,0.02384071428571429,13.419500513333576,2264336.9,0.6017078723896446,0.0007493383458646547,0.11352928781616187,0.0,96.121124,,
2026-09-21T10:09:14.727550+00:00,LONGXIA/USDT,0.27237,74.29620563035496,0.023851428571428576,13.419500513333576,2487506.9,0.6017078723896446,0.0007493383458646547,0.11352928781616187,0.0,96.35879,,
2026-09-21T14:36:56.901020+00:00,DOT/USDT,1.1805,63.68421052631581,0.03517142857142852,32.67892028733782,2523962.9797,0.5600370012908249,0.0009698496240601165,0.04575957325885399,0.0,23.336529,,
2026-09-21T14:37:04.330218+00:00,DOGE/USDT,0.09389,72.52336448598132,0.0022064285714285706,39.50089883867977,29184620.1526,0.47295217044345467,0.00014260902255638867,0.16963300882963878,0.0,20.920317,,
2026-09-21T14:37:07.234154+00:00,LTC/USDT,62.4,77.39387956564664,1.587857142857143,47.63705398676898,57747.199,0.6087307579894834,0.15937593984962345,0.5108608739612577,0.0,20.4593,,
2026-09-21T16:59:02.504880+00:00,DOT/USDT,1.1836,59.21943448825169,0.033799999999999955,30.43768539448576,931398.2138,0.5556838131767765,0.0020778947368420906,0.17119718437772072,0.0,22.524307,,
2026-09-21T16:59:07.544370+00:00,DOGE/USDT,0.09675,72.84153005464485,0.002524285714285713,38.74404958294495,18723426.4828,0.43130985057805366,0.00023571428571428357,0.23177873455438047,0.0,17.849922,,
2026-09-21T16:59:14.879130+00:00,LTC/USDT,62.27,70.97729516288257,1.5721428571428575,47.21038420477685,12318.25,0.5868441087020176,0.19447368421052352,0.4927906826384989,0.0,14.649699,,
2026-09-22T00:12:57.064284+00:00,XLM/USDT,0.2151,71.12299465240645,0.0056142857142857105,45.5147620345392,316549.05,0.3537184978246348,0.0009160902255639051,0.5171603048141965,0.0,22.791676,,
2026-09-22T04:27:39.931973+00:00,KCS/USDT,7.374,61.773700305810415,0.10878571428571433,14.516602187269077,40499.9156,0.4417530129433043,0.005898496240601362,0.18327590860273793,0.0,23.267563,,
2026-09-22T09:08:44.887503+00:00,LONGXIA/USDT,0.17822,32.24369472649853,0.03144071428571429,17.15500897673308,3036649.3,0.5057234431797434,0.0004296992481202949,0.021016573479690517,1.0,44.102745,,
2026-09-22T20:32:43.134810+00:00,UNI/USDT,9.4227,67.88171270150943,0.4133357142857144,25.492795153248533,54403.5667,0.6703576759860376,0.018950601503759212,0.43494458216383247,1.0,70.37069,,
2026-09-22T22:47:49.256806+00:00,AAVE/USDT,146.9,70.26694045174534,4.331285714285714,27.263377569966924,11120.1669,0.568518574739812,0.2895345864661619,0.2561764237137327,1.0,49.034763,,
2026-09-22T22:47:56.440844+00:00,DOT/USDT,1.219,69.86402058066886,0.03898571428571424,41.19881929450525,1612983.9679,0.48477243207824466,0.0047518796992481,0.5867294768358953,1.0,24.694344,,
2026-09-22T22:47:58.468370+00:00,LONGXIA/USDT,0.14274,26.02627257799672,0.03378071428571428,21.874483386622092,6389423.6,0.4539393630429402,-0.00324802255639098,0.2980131281103,0.0,43.291687,,
2026-09-23T00:01:14.199971+00:00,ZEC/USDT,1626.885,62.37204313621657,59.3037142857143,29.128369864458012,66.7326,0.5126349974198048,4.920339097744317,0.3978335991438702,0.0,41.007973,,
2026-09-23T03:45:50.664168+00:00,DOGE/USDT,0.10383,83.5912052117264,0.0036828571428571414,60.07229234974431,35958260.8793,0.530949228384337,0.0009588345864661663,0.8066172385767781,1.0,8.957016,,
2026-09-23T03:46:02.267081+00:00,XLM/USDT,0.222,85.24590163934428,0.006649999999999994,60.651112248747495,2864890.93,0.40434566212500556,0.0014601503759398414,0.8075252599969661,1.0,74.81962,,
2026-09-23T09:09:38.056180+00:00,UNI/USDT,10.2534,70.53091028878885,0.5090357142857141,40.15303399593459,108723.223,0.5751896105637968,0.07731375939849593,0.5545226797309316,0.0,73.61268,,
2026-09-23T09:09:49.197204+00:00,BCH/USDT,353.45,91.43050503341507,16.150714285714283,67.18442075948072,776.6293,0.43674636851551707,5.4913458646616515,0.7592454340888168,0.0,47.728615,,
2026-09-23T16:03:08.145996+00:00,XMR/USDT,547.0,34.71667996807666,16.801428571428556,35.229357181589926,276.467,0.3434681327336927,0.38609774436088795,0.021961418243718,0.0,61.0385,,
2026-09-23T16:03:10.676843+00:00,DOT/USDT,1.0833,29.916792738275362,0.03912857142857137,45.678889972536936,117746.2258,0.40054533521160546,0.0017312030075187523,0.09265745132413988,0.0,10.000356,,
2026-09-23T16:03:18.621078+00:00,ASTER/USDT,0.6808,20.4528301886793,0.02132142857142857,18.4179502539672,127166.26,0.6083928575586113,-0.001625187969924824,0.42208840039075585,0.0,68.009384,,
2026-09-23T16:03:22.336278+00:00,TRUMP/USDT,1.96,28.541226215644812,0.08928571428571434,64.28202161509626,19174.95,0.498942192229415,0.00637744360902254,0.2604223717360444,0.0,17.986973,,
2026-09-24T03:37:33.562832+00:00,LTC/USDT,66.17,62.04287515762925,2.2314285714285726,47.580766974959296,65001.857,0.5262029768425522,0.15060150375939677,0.3025970993975991,1.0,28.961092,,
2026-09-24T09:05:20.921806+00:00,LONGXIA/USDT,0.12574,29.031798089262793,0.029548571428571428,17.160199238506664,9257116.7,0.5501772546192748,-0.007016548872180456,0.7428647600573192,0.0,10.778059,,
2026-09-24T12:39:19.544469+00:00,PIEVERSE/USDT,1.6169,23.29891448239347,0.06065714285714284,58.821975588957926,120394.34,0.4340951111811871,-0.01077135338345864,0.7499265047753613,1.0,27.783934,,
2026-09-24T16:05:42.799241+00:00,LTC/USDT,74.08,75.34246575342465,3.000000000000003,42.78299690406385,3282.198,0.365697963373781,0.365248120300751,0.4044324256132946,0.0,13.959535,,
2026-09-26T15:58:58.388009+00:00,DOT/USDT,1.2839,74.68311065433372,0.04029285714285721,28.317487705600715,1545990.5152,0.48262650507269717,0.005699924812030041,0.6329982657232336,1.0,29.664373,,
2026-09-27T16:23:56.494686+00:00,XMR/USDT,544.88,31.53462258265749,11.024999999999986,23.92720014674379,1260.318,0.3611828964305523,-0.10309774436091018,0.006819078042263342,0.0,53.126656,,
2026-09-27T16:24:06.844621+00:00,GRAM/USDT,1.674,79.47494033412886,0.05171428571428568,65.27096210099945,118722.94,0.4103739798847597,0.012236090225563928,0.7944118425285003,0.0,16.682215,,
2026-09-28T04:12:28.526350+00:00,UNI/USDT,9.3278,42.9520908335641,0.28913571428571433,35.04409146250574,25447.8618,0.4071385866041345,0.021922781954887043,0.2677322579558518,0.0,-16602305.657366708,19142.64331635314,76.360306,,
2026-09-28T04:12:32.979073+00:00,DOGE/USDT,0.09364,27.179487179487182,0.0018192857142857127,43.93420399494817,1995130.4613,0.44122063494058145,-1.2819548872183572e-05,0.003698777617440585,0.0,-123033732.96495625,-239415.65535601752,63.591488,,
2026-09-28T04:12:35.102349+00:00,ASTER/USDT,0.7118,32.89473684210522,0.012521428571428581,30.05054850220023,118742.78,0.5155438385308201,0.00028631578947366384,0.029777675379708515,0.0,28619823.08250194,69266.6216666669,50.38967,,
2026-09-28T14:17:10.097461+00:00,ASTER/USDT,0.7002,26.343381389252983,0.013535714285714293,31.84444877372553,1037510.47,0.5083105090576527,-0.0011527067669172887,0.3526460393524519,0.0,25585499.81733424,-969476.9965573656,46.033268,,
2026-09-28T16:33:12.862092+00:00,UNI/USDT,9.019,37.72146766673421,0.34280714285714275,41.28384104268788,48663.1319,0.40528767509548386,-0.026759473684210753,0.26723882446018604,1.0,-16886371.419354804,44599.57115190365,68.888756,,
2026-09-28T18:40:58.680064+00:00,BTC/USDT,83838.56,66.40824817005196,2410.3800000000006,37.51654211173635,19259.76389,0.43725090068964306,521.5922631578953,0.6730459549713227,0,1695779.7024355556,910.1740636357572,45.830364,,
2026-09-28T18:40:59.522711+00:00,ETH/USDT,2688.59,64.2546102332333,99.00214285714284,35.41527525424802,259661.1732,0.3883211206442898,16.451203007518775,0.6493792037881306,0,20275890.94998481,60788.519142937585,54.467644,,
2026-09-28T18:41:00.407398+00:00,SOL/USDT,119.5,68.4979289295836,5.74,37.952157892506975,2196743.546,0.5040273273658322,1.3429172932330795,0.7783434614406874,0,160912231.0426597,-508761.07259246137,44.603355,,
2026-09-28T18:41:01.254576+00:00,BNB/USDT,768.68,65.4126213592233,24.620714285714282,20.50774583739215,118981.564,0.3036312169943585,3.85288721804509,0.6372173557112343,0,30538813.340486646,-14227.425113227982,21.266647,,
2026-09-28T18:41:02.103100+00:00,LINK/USDT,15.123,76.63661888576917,0.874,27.326625104367633,6999071.77,0.3708419446238847,0.13378120300751847,0.6047635190365588,0,137525727.78405786,4453954.762727262,14.539808,,
2026-09-28T18:41:02.948069+00:00,NEAR/USDT,4.898,78.85483487764316,0.5757857142857142,86.29180598215035,37970900.0,0.5962895506459428,0.17612706766917297,0.9075735317458391,0,195872359.33580634,-28827405.68561873,12.169051,,
2026-09-28T18:41:03.725609+00:00,TAO/USDT,304.8,67.86771964461994,25.349999999999998,34.969115994300786,169265.303,0.25623438236944834,4.998421052631578,0.6302728168455805,0,-4062037.895318977,-48106.98085263173,57.54556,,
2026-09-28T18:41:04.572138+00:00,SEI/USDT,0.07778,82.02008497489378,0.006312142857142856,47.54851543957543,379351783.8,0.3808259533034751,0.0016277969924812028,0.7088434046617836,1,-1399843240.6433086,-257727547.77251905,78.38602,,
2026-09-28T18:41:05.419365+00:00,ADA/USDT,0.2484,66.44628099173553,0.016707142857142854,33.065309363002086,205608633.0,0.06486450020413974,0.0030619548872180442,0.6889640422028921,0,3066120376.9117785,-8843382.06451577,17.565516,,
2026-09-28T18:41:06.257629+00:00,AVAX/USDT,10.472,71.58972836574142,0.8882857142857142,55.46244188563803,4746138.04,0.2669159985007785,0.2352654135338345,0.7028730049752979,0,113842150.16954972,-1033250.147464117,16.250086,,
2026-09-28T18:41:06.964267+00:00,RENDER/USDT,1.926,72.43377483443707,0.15050000000000005,33.883596623932746,4392197.56,0.40367423669164254,0.03620300751879697,0.7628500036454161,1,-76293987.06815322,-3047647.286530612,14.372161,,
2026-09-28T18:41:07.805740+00:00,FET/USDT,0.2314,68.62745098039215,0.020814285714285723,33.5845526009526,85531325.8,0.33159514692682296,0.004359323308270675,0.6897774338180027,0,-988850624.205807,-30686811.546564948,15.252267,,
2026-09-28T18:41:08.658288+00:00,TIA/USDT,0.4543,62.23723723723723,0.043264285714285707,35.97684428766824,11553494.95,0.26243867038876084,0.008666165413533836,0.6522876876835733,0,-186599908.05143237,-6989545.287430942,43.09245,,
2026-09-28T18:41:09.761280+00:00,ARB/USDT,0.2062,69.02887139107611,0.02709285714285714,54.20550241541127,133391450.3,0.3644024529771911,0.0057039849624060095,0.7638655275595161,0,1264597016.6924696,-78355816.95944063,62.406628,,
2026-09-28T18:41:10.595290+00:00,XRP/USDT,1.5074,56.63048607833884,0.09953571428571427,37.248691047690386,165047925.5,0.40843290201932153,0.011576766917293214,0.5259915910704909,0,20787938464.19996,19110812.42631644,34.506985,,
2026-09-28T18:41:11.441015+00:00,SUI/USDT,1.1611,73.35030765966475,0.10335714285714286,41.42827948589039,158988222.1,0.3157375528574622,0.02654097744360902,0.7411449425345068,1,2310230530.6385546,-102827706.1853551,32.581707,,
2026-09-28T18:41:12.422970+00:00,APT/USDT,0.8202,68.89983579638753,0.08040000000000001,46.36277946396107,13800476.69,0.24676672208368727,0.015853684210526294,0.710350511831714,0,123553329.17042999,-5225086.143006271,3.2321901,,
2026-09-28T18:41:12.963896+00:00,ONDO/USDT,0.5155,67.03413186347254,0.05144285714285714,45.98422852634875,145664335.8,0.3642703701230501,0.011640300751879698,0.7588756893946825,0,-413027967.48739487,-109589866.14596629,21.406382,,
2026-09-28T18:41:13.808355+00:00,OM/USDT,0.0669,52.80701754385964,0.008285714285714285,55.91821567720342,7055177.1,0.5303060650930648,0.0010821052631578938,0.6075875175900876,0,-2920262421.7357264,-4865639.379310349,49.26977,,
2026-09-28T18:41:14.493113+00:00,HNT/USDT,4.67,38.54545454545455,0.3935714285714285,37.14198155418293,77258.1,0.4382184070541529,-0.00993233082706775,0.031028918041003557,0,-27475732.296711903,41600.515384615064,84.69873,,
2026-09-28T18:41:15.337638+00:00,FIL/USDT,1.054,57.365016173177416,0.1088214285714286,32.37581490970026,16031447.27,0.2914294318309734,0.01618827067669171,0.7355077846580479,0,196851326.66699004,-7261302.586999979,59.400116,,
2026-09-28T18:41:16.186748+00:00,PENDLE/USDT,2.4,51.36612021857922,0.23314285714285723,44.00660079839229,2797686.3,0.48740414176588254,0.03515714285714282,0.7646315719333624,0,80528117.8542043,-1796754.5445747813,54.727535,,
2026-09-28T18:41:17.289216+00:00,PEPE/USDT,4.23e-06,62.96296296296296,4.0999999999999994e-07,43.86984786817175,8504274431199.0,0.25874194809094225,7.59548872180451e-08,0.6878151080507761,0,797870269456610.1,-1920320032851.3667,44.360313,,
2026-09-28T18:41:18.094873+00:00,WIF/USDT,0.233,63.1731325998842,0.023221428571428566,27.99553723324658,11349872.15,0.3980521079094839,0.0034241353383458635,0.5882810539994487,0,-2287671298.308368,-2094611.5984978415,34.53825,,
2026-09-28T18:41:19.297741+00:00,THETA/USDT,0.2269,61.220043572984736,0.01759285714285714,41.93972312785182,2533104.9,0.3622916769022192,0.0033463909774436064,0.8104219987520965,0,-44266167.31337377,-535570.7502857158,37.209854,,
2026-09-28T18:41:20.141306+00:00,ASTR/USDT,0.007528,71.44528964306612,0.0006684999999999998,78.40786907824268,71416787.1,0.4225699546710762,9.254812030075179e-05,0.8622464070383754,0,-1166583671.5931697,-2070051.7999999821,73.83602,,
2026-09-28T18:57:52.658534+00:00,ENA/USDT,0.2635,37.46355685131198,0.011278571428571416,60.38310125578824,9346378.52,0.5361741305297173,0.0005221052631578897,0.09897524750967268,0.0,-155312180.52772015,6529661.7057534605,58.498287,,
2026-10-02T04:32:39.068156+00:00,UNI/USDT,9.2412,63.068098249742555,0.23802857142857167,36.36700208897995,53042.2865,0.47368050330433636,0.010415413533834418,0.18507723480871693,1.0,-16517110.525221776,41709.80985904974,75.74355,,
2026-10-02T14:32:31.693111+00:00,LTC/USDT,70.06,68.57476635514016,1.3049999999999997,44.1853441223497,27443.399,0.5162459399095101,0.06544360902255447,0.134941669493403,0.0,87725.12756444534,-13153.345082840291,40.703568,,
2026-10-05T04:35:09.156277+00:00,SHIB/USDT,5.864e-06,62.246777163904234,7.899999999999994e-08,28.326747521363227,27402466719.7727,0.3522602300671659,-9.022556391024041e-12,3.194541451516979e-07,0.0,-5187310504386.059,-14915266695.5722,39.956547,,
2026-10-05T11:33:41.624753+00:00,ENA/USDT,0.2605,82.17592592592591,0.006864285714285713,34.56793432377868,8064794.09,0.5651862176603386,6.721804511277982e-05,0.004834990162399647,0.0,-181771922.77519572,6025420.871839099,64.52483,,
2026-10-08T21:06:04.292059+00:00,ZEC/USDT,1174.492,26.451345218800626,47.33021428571424,33.36573569952941,903.8339,0.3157278845248471,-8.128139849624064,0.49716148646851904,0.0,-289190.08625030844,-172.2631733669731,55.379253,,
2026-10-08T21:06:09.718801+00:00,AAVE/USDT,166.194,25.070196550340924,4.238571428571427,34.57302556248723,3501.0001,0.3040569614797243,-0.9256631578947399,0.8666368633301837,0.0,-986600.6993196858,-2732.82486101036,78.02019,,
2026-10-08T21:06:13.918561+00:00,PEPE/USDT,3.824e-06,21.001221001220998,1.1000000000000012e-07,57.59333963861264,43175051322.0,0.2998000148708064,-3.0087218045112856e-08,0.8801532771560591,0.0,-1630005853109.0999,4232848168.8238754,41.00292,,
2026-10-11T04:34:13.938294+00:00,INJ/USDT,7.666,74.30555555555556,0.22392857142857128,40.889185376727866,4038.6532,0.2023318156533165,0.012587969924811855,0.06251936191706065,1.0,-1281928.2734537262,3632.9437461187495,55.250366,,
